ticker,spot_price,strike,maturity_days,vol_model,sigma_h,sigma_annual,risk_free_rate,call_bsm,put_bsm,call_crr,put_crr
AAPL,254.2100067138672,252.21,1,garch,0.015364062549084862,0.24389693179511787,0.0368,2.778306256805024,0.7414715653635682,2.9729085188731905,0.9360738274317328
AAPL,254.2100067138672,253.21,1,garch,0.015364062549084862,0.24389693179511787,0.0368,2.1281526670029507,1.0911719544775451,2.4720700619578366,1.4350893494324632
AAPL,254.2100067138672,254.21,1,garch,0.015364062549084862,0.24389693179511787,0.0368,1.5766529042727768,1.5395261706634642,1.9712316050424818,1.9341048714331934
AAPL,254.2100067138672,255.21,1,garch,0.015364062549084862,0.24389693179511787,0.0368,1.1267276352608917,2.089454880567672,1.4703931481271275,2.433120393433924
AAPL,254.2100067138672,256.21,1,garch,0.015364062549084862,0.24389693179511787,0.0368,0.774818811729503,2.7374000359523336,0.9695546912117873,2.9321359154346394
AAPL,254.2100067138672,252.21,2,garch,0.015482470223915353,0.17379029723646144,0.0368,2.8144203077808356,0.7407630164262855,2.93606246786022,0.8624051765057233
AAPL,254.2100067138672,253.21,2,garch,0.015482470223915353,0.17379029723646144,0.0368,2.162012732054194,1.0880634198539667,2.1823651733669958,1.108415861166826
AAPL,254.2100067138672,254.21,2,garch,0.015482470223915353,0.17379029723646144,0.0368,1.6073116465716737,1.5330703135257835,1.4286678788737723,1.3728361988494509
AAPL,254.2100067138672,255.21,2,garch,0.015482470223915353,0.17379029723646144,0.0368,1.1533956012618063,2.078862247370239,1.1747902914953345,2.1187406941733675
AAPL,254.2100067138672,256.21,2,garch,0.015482470223915353,0.17379029723646144,0.0368,0.7970083801131409,2.722183005375882,0.9209160598625472,2.864646867370085
AAPL,254.2100067138672,252.21,3,garch,0.015589813101212076,0.14288299721303718,0.0368,2.849599861818632,0.7391253474269774,2.7889356331838453,0.687450849985788
AAPL,254.2100067138672,253.21,3,garch,0.015589813101212076,0.14288299721303718,0.0368,2.1948728212271362,1.0839603075470876,2.2803651799952633,1.1784780413421054
AAPL,254.2100067138672,254.21,3,garch,0.015589813101212076,0.14288299721303718,0.0368,1.6369798869278895,1.5256293739594469,1.7717947268066825,1.6695052326984232
AAPL,254.2100067138672,255.21,3,garch,0.015589813101212076,0.14288299721303718,0.0368,1.1791562451348199,2.0673677328779547,1.2632242736181005,2.160532424054741
AAPL,254.2100067138672,256.21,3,garch,0.015589813101212076,0.14288299721303718,0.0368,0.8184306467121303,2.706204135166871,0.7546538204295331,2.6515596154110446
AAPL,254.2100067138672,252.21,4,garch,0.01568719570453704,0.12451325580661705,0.0368,2.8839492922406293,0.7366629309026109,2.966320353865558,0.8234355520696759
AAPL,254.2100067138672,253.21,4,garch,0.01568719570453704,0.12451325580661705,0.0368,2.22684513236473,1.0789748146115414,2.2682869945206985,1.1248356882724597
AAPL,254.2100067138672,254.21,4,garch,0.01568719570453704,0.12451325580661705,0.0368,1.6657676570278852,1.5173133828595269,1.5702536351758387,1.4489476142244533
AAPL,254.2100067138672,255.21,4,garch,0.01568719570453704,0.12451325580661705,0.0368,1.2041077913009985,2.0550695607174703,1.2468368801857583,2.125054959929624
AAPL,254.2100067138672,256.21,4,garch,0.01568719570453704,0.12451325580661705,0.0368,0.8391650415430547,2.689542854544328,0.9234226403386985,2.80116356320628
AAPL,254.2100067138672,252.21,5,garch,0.015775599209816037,0.11199564426176993,0.0368,2.917561428458015,0.7334685954794509,2.871684187426634,0.6897989138231345
AAPL,254.2100067138672,253.21,5,garch,0.015775599209816037,0.11199564426176993,0.0368,2.2580293150648174,1.0732065898571648,2.290677245674394,1.121316141453731
AAPL,254.2100067138672,254.21,5,garch,0.015775599209816037,0.11199564426176993,0.0368,1.6937729021550467,1.5082202847182344,1.7749577152600895,1.604927781252476
AAPL,254.2100067138672,255.21,5,garch,0.015775599209816037,0.11199564426176993,0.0368,1.228338222278694,2.0420557126127505,1.2592381848457843,2.088539421051222
AAPL,254.2100067138672,256.21,5,garch,0.015775599209816037,0.11199564426176993,0.0368,0.8592835090755813,2.6722711071804497,0.8070666193463185,2.672522485226194
AAPL,254.2100067138672,252.21,1,historical,0.01724767841359103,0.2737984066534734,0.0368,2.9466963297304574,0.9098616382889588,3.210312512021718,1.1734778205802638
AAPL,254.2100067138672,253.21,1,historical,0.01724767841359103,0.2737984066534734,0.0368,2.3128678270357454,1.275887114510354,2.710463850639308,1.6734831381139381
AAPL,254.2100067138672,254.21,1,historical,0.01724767841359103,0.2737984066534734,0.0368,1.76765203924667,1.7305253056373715,2.210615189256898,2.173488455647613
AAPL,254.2100067138672,255.21,1,historical,0.01724767841359103,0.2737984066534734,0.0368,1.3130194337193188,2.275746679026099,1.7107665278744875,2.673493773181287
AAPL,254.2100067138672,256.21,1,historical,0.01724767841359103,0.2737984066534734,0.0368,0.9463312973635851,2.908912521586416,1.2109178664920917,3.173499090714947
AAPL,254.2100067138672,252.21,2,historical,0.0243919007319501,0.2737984066534734,0.0368,3.637981837332916,1.5643245459783088,3.728576582596836,1.6549192912423085
AAPL,254.2100067138672,253.21,2,historical,0.0243919007319501,0.2737984066534734,0.0368,3.042481508168578,1.9685321959683506,2.9788739210044612,1.904924608804259
AAPL,254.2100067138672,254.21,2,historical,0.0243919007319501,0.2737984066534734,0.0368,2.5105829883951145,2.4363416553492385,2.229171259412085,2.173488455647613
AAPL,254.2100067138672,255.21,2,historical,0.0243919007319501,0.2737984066534734,0.0368,2.042865425759544,2.968332071867991,1.9793192191730706,2.9234190838579677
AAPL,254.2100067138672,256.21,2,historical,0.0243919007319501,0.2737984066534734,0.0368,1.638258488820739,3.563433114083466,1.7294705348872905,3.673351390044915
AAPL,254.2100067138672,252.21,3,historical,0.02987385532494863,0.2737984066534734,0.0368,4.188920115828836,2.078445601437153,4.342754171303412,2.24148684714042
AAPL,254.2100067138672,253.21,3,historical,0.02987385532494863,0.2737984066534734,0.0368,3.6108096471585327,2.49989713347847,3.843090628749948,2.7414218113460214
AAPL,254.2100067138672,254.21,3,historical,0.02987385532494863,0.2737984066534734,0.0368,3.0848854088509228,2.9735348958824943,3.3434270861964825,3.241356775551623
AAPL,254.2100067138672,255.21,3,historical,0.02987385532494863,0.2737984066534734,0.0368,2.6113948231224953,3.4996063108656585,2.8437635436430178,3.7412917397572243
AAPL,254.2100067138672,256.21,3,historical,0.02987385532494863,0.2737984066534734,0.0368,2.1896842456614394,4.0774577341161375,2.3441000010895667,4.241226703962812
AAPL,254.2100067138672,252.21,4,historical,0.03449535682718206,0.2737984066534734,0.0368,4.661831638777585,2.514545277439524,4.735938025101997,2.593255307837931
AAPL,254.2100067138672,253.21,4,historical,0.03449535682718206,0.2737984066534734,0.0368,4.09420671188218,2.9463363941289913,4.048956944988697,2.905708524527307
AAPL,254.2100067138672,254.21,4,historical,0.03449535682718206,0.2737984066534734,0.0368,3.5718843785393943,3.4234301043710644,3.3619758648753963,3.241356775551623
AAPL,254.2100067138672,255.21,4,historical,0.03449535682718206,0.2737984066534734,0.0368,3.094980664262394,3.9459424336788516,3.049773266476089,3.92868098061422
AAPL,254.2100067138672,256.21,4,historical,0.03449535682718206,0.2737984066534734,0.0368,2.6630255094415674,4.5134033224428265,2.7375731843066213,4.616006443791713
AAPL,254.2100067138672,252.21,5,historical,0.038566981386845264,0.2737984066534734,0.0368,5.083328552789908,2.899235719811415,5.201035337576358,3.033052496499944
AAPL,254.2100067138672,253.21,5,historical,0.038566981386845264,0.2737984066534734,0.0368,4.52291755504524,3.3380948298376296,4.701547063067496,3.532898205071809
AAPL,254.2100067138672,254.21,5,historical,0.038566981386845264,0.2737984066534734,0.0368,4.003082189132272,3.817529571695488,4.202058788558631,4.032743913643675
AAPL,254.2100067138672,255.21,5,historical,0.038566981386845264,0.2737984066534734,0.0368,3.5238733313046566,4.337590821638713,3.7025705140497682,4.532589622215539
AAPL,254.2100067138672,256.21,5,historical,0.038566981386845264,0.2737984066534734,0.0368,3.084922260391309,4.8979098584961775,3.2030822395409184,5.032435330787391
