ticker,spot_price,strike,maturity_days,vol_model,sigma_h,sigma_annual,risk_free_rate,call_bsm,put_bsm
AAPL,254.2100067138672,252.21,1,garch,0.015364062549084862,0.24389693179511787,0.0368,2.778306256805024,0.7414715653635682
AAPL,254.2100067138672,253.21,1,garch,0.015364062549084862,0.24389693179511787,0.0368,2.1281526670029507,1.0911719544775451
AAPL,254.2100067138672,254.21,1,garch,0.015364062549084862,0.24389693179511787,0.0368,1.5766529042727768,1.5395261706634642
AAPL,254.2100067138672,255.21,1,garch,0.015364062549084862,0.24389693179511787,0.0368,1.1267276352608917,2.089454880567672
AAPL,254.2100067138672,256.21,1,garch,0.015364062549084862,0.24389693179511787,0.0368,0.774818811729503,2.7374000359523336
AAPL,254.2100067138672,252.21,2,garch,0.015482470223915353,0.17379029723646144,0.0368,2.8144203077808356,0.7407630164262855
AAPL,254.2100067138672,253.21,2,garch,0.015482470223915353,0.17379029723646144,0.0368,2.162012732054194,1.0880634198539667
AAPL,254.2100067138672,254.21,2,garch,0.015482470223915353,0.17379029723646144,0.0368,1.6073116465716737,1.5330703135257835
AAPL,254.2100067138672,255.21,2,garch,0.015482470223915353,0.17379029723646144,0.0368,1.1533956012618063,2.078862247370239
AAPL,254.2100067138672,256.21,2,garch,0.015482470223915353,0.17379029723646144,0.0368,0.7970083801131409,2.722183005375882
AAPL,254.2100067138672,252.21,3,garch,0.015589813101212076,0.14288299721303718,0.0368,2.849599861818632,0.7391253474269774
AAPL,254.2100067138672,253.21,3,garch,0.015589813101212076,0.14288299721303718,0.0368,2.1948728212271362,1.0839603075470876
AAPL,254.2100067138672,254.21,3,garch,0.015589813101212076,0.14288299721303718,0.0368,1.6369798869278895,1.5256293739594469
AAPL,254.2100067138672,255.21,3,garch,0.015589813101212076,0.14288299721303718,0.0368,1.1791562451348199,2.0673677328779547
AAPL,254.2100067138672,256.21,3,garch,0.015589813101212076,0.14288299721303718,0.0368,0.8184306467121303,2.706204135166871
AAPL,254.2100067138672,252.21,4,garch,0.01568719570453704,0.12451325580661705,0.0368,2.8839492922406293,0.7366629309026109
AAPL,254.2100067138672,253.21,4,garch,0.01568719570453704,0.12451325580661705,0.0368,2.22684513236473,1.0789748146115414
AAPL,254.2100067138672,254.21,4,garch,0.01568719570453704,0.12451325580661705,0.0368,1.6657676570278852,1.5173133828595269
AAPL,254.2100067138672,255.21,4,garch,0.01568719570453704,0.12451325580661705,0.0368,1.2041077913009985,2.0550695607174703
AAPL,254.2100067138672,256.21,4,garch,0.01568719570453704,0.12451325580661705,0.0368,0.8391650415430547,2.689542854544328
AAPL,254.2100067138672,252.21,5,garch,0.015775599209816037,0.11199564426176993,0.0368,2.917561428458015,0.7334685954794509
AAPL,254.2100067138672,253.21,5,garch,0.015775599209816037,0.11199564426176993,0.0368,2.2580293150648174,1.0732065898571648
AAPL,254.2100067138672,254.21,5,garch,0.015775599209816037,0.11199564426176993,0.0368,1.6937729021550467,1.5082202847182344
AAPL,254.2100067138672,255.21,5,garch,0.015775599209816037,0.11199564426176993,0.0368,1.228338222278694,2.0420557126127505
AAPL,254.2100067138672,256.21,5,garch,0.015775599209816037,0.11199564426176993,0.0368,0.8592835090755813,2.6722711071804497
AAPL,254.2100067138672,252.21,1,historical,0.01724767841359103,0.2737984066534734,0.0368,2.9466963297304574,0.9098616382889588
AAPL,254.2100067138672,253.21,1,historical,0.01724767841359103,0.2737984066534734,0.0368,2.3128678270357454,1.275887114510354
AAPL,254.2100067138672,254.21,1,historical,0.01724767841359103,0.2737984066534734,0.0368,1.76765203924667,1.7305253056373715
AAPL,254.2100067138672,255.21,1,historical,0.01724767841359103,0.2737984066534734,0.0368,1.3130194337193188,2.275746679026099
AAPL,254.2100067138672,256.21,1,historical,0.01724767841359103,0.2737984066534734,0.0368,0.9463312973635851,2.908912521586416
AAPL,254.2100067138672,252.21,2,historical,0.0243919007319501,0.2737984066534734,0.0368,3.637981837332916,1.5643245459783088
AAPL,254.2100067138672,253.21,2,historical,0.0243919007319501,0.2737984066534734,0.0368,3.042481508168578,1.9685321959683506
AAPL,254.2100067138672,254.21,2,historical,0.0243919007319501,0.2737984066534734,0.0368,2.5105829883951145,2.4363416553492385
AAPL,254.2100067138672,255.21,2,historical,0.0243919007319501,0.2737984066534734,0.0368,2.042865425759544,2.968332071867991
AAPL,254.2100067138672,256.21,2,historical,0.0243919007319501,0.2737984066534734,0.0368,1.638258488820739,3.563433114083466
AAPL,254.2100067138672,252.21,3,historical,0.02987385532494863,0.2737984066534734,0.0368,4.188920115828836,2.078445601437153
AAPL,254.2100067138672,253.21,3,historical,0.02987385532494863,0.2737984066534734,0.0368,3.6108096471585327,2.49989713347847
AAPL,254.2100067138672,254.21,3,historical,0.02987385532494863,0.2737984066534734,0.0368,3.0848854088509228,2.9735348958824943
AAPL,254.2100067138672,255.21,3,historical,0.02987385532494863,0.2737984066534734,0.0368,2.6113948231224953,3.4996063108656585
AAPL,254.2100067138672,256.21,3,historical,0.02987385532494863,0.2737984066534734,0.0368,2.1896842456614394,4.0774577341161375
AAPL,254.2100067138672,252.21,4,historical,0.03449535682718206,0.2737984066534734,0.0368,4.661831638777585,2.514545277439524
AAPL,254.2100067138672,253.21,4,historical,0.03449535682718206,0.2737984066534734,0.0368,4.09420671188218,2.9463363941289913
AAPL,254.2100067138672,254.21,4,historical,0.03449535682718206,0.2737984066534734,0.0368,3.5718843785393943,3.4234301043710644
AAPL,254.2100067138672,255.21,4,historical,0.03449535682718206,0.2737984066534734,0.0368,3.094980664262394,3.9459424336788516
AAPL,254.2100067138672,256.21,4,historical,0.03449535682718206,0.2737984066534734,0.0368,2.6630255094415674,4.5134033224428265
AAPL,254.2100067138672,252.21,5,historical,0.038566981386845264,0.2737984066534734,0.0368,5.083328552789908,2.899235719811415
AAPL,254.2100067138672,253.21,5,historical,0.038566981386845264,0.2737984066534734,0.0368,4.52291755504524,3.3380948298376296
AAPL,254.2100067138672,254.21,5,historical,0.038566981386845264,0.2737984066534734,0.0368,4.003082189132272,3.817529571695488
AAPL,254.2100067138672,255.21,5,historical,0.038566981386845264,0.2737984066534734,0.0368,3.5238733313046566,4.337590821638713
AAPL,254.2100067138672,256.21,5,historical,0.038566981386845264,0.2737984066534734,0.0368,3.084922260391309,4.8979098584961775
