ticker,spot_price,strike,maturity_days,vol_model,sigma_h,sigma_annual,risk_free_rate,call_crr,put_crr
AAPL,254.2100067138672,252.21,1,garch,0.015364062549084862,0.24389693179511787,0.0368,2.9729085188731905,0.9360738274317328
AAPL,254.2100067138672,253.21,1,garch,0.015364062549084862,0.24389693179511787,0.0368,2.4720700619578366,1.4350893494324632
AAPL,254.2100067138672,254.21,1,garch,0.015364062549084862,0.24389693179511787,0.0368,1.9712316050424818,1.9341048714331934
AAPL,254.2100067138672,255.21,1,garch,0.015364062549084862,0.24389693179511787,0.0368,1.4703931481271275,2.433120393433924
AAPL,254.2100067138672,256.21,1,garch,0.015364062549084862,0.24389693179511787,0.0368,0.9695546912117873,2.9321359154346394
AAPL,254.2100067138672,252.21,2,garch,0.015482470223915353,0.17379029723646144,0.0368,2.93606246786022,0.8624051765057233
AAPL,254.2100067138672,253.21,2,garch,0.015482470223915353,0.17379029723646144,0.0368,2.1823651733669958,1.108415861166826
AAPL,254.2100067138672,254.21,2,garch,0.015482470223915353,0.17379029723646144,0.0368,1.4286678788737723,1.3728361988494509
AAPL,254.2100067138672,255.21,2,garch,0.015482470223915353,0.17379029723646144,0.0368,1.1747902914953345,2.1187406941733675
AAPL,254.2100067138672,256.21,2,garch,0.015482470223915353,0.17379029723646144,0.0368,0.9209160598625472,2.864646867370085
AAPL,254.2100067138672,252.21,3,garch,0.015589813101212076,0.14288299721303718,0.0368,2.7889356331838453,0.687450849985788
AAPL,254.2100067138672,253.21,3,garch,0.015589813101212076,0.14288299721303718,0.0368,2.2803651799952633,1.1784780413421054
AAPL,254.2100067138672,254.21,3,garch,0.015589813101212076,0.14288299721303718,0.0368,1.7717947268066825,1.6695052326984232
AAPL,254.2100067138672,255.21,3,garch,0.015589813101212076,0.14288299721303718,0.0368,1.2632242736181005,2.160532424054741
AAPL,254.2100067138672,256.21,3,garch,0.015589813101212076,0.14288299721303718,0.0368,0.7546538204295331,2.6515596154110446
AAPL,254.2100067138672,252.21,4,garch,0.01568719570453704,0.12451325580661705,0.0368,2.966320353865558,0.8234355520696759
AAPL,254.2100067138672,253.21,4,garch,0.01568719570453704,0.12451325580661705,0.0368,2.2682869945206985,1.1248356882724597
AAPL,254.2100067138672,254.21,4,garch,0.01568719570453704,0.12451325580661705,0.0368,1.5702536351758387,1.4489476142244533
AAPL,254.2100067138672,255.21,4,garch,0.01568719570453704,0.12451325580661705,0.0368,1.2468368801857583,2.125054959929624
AAPL,254.2100067138672,256.21,4,garch,0.01568719570453704,0.12451325580661705,0.0368,0.9234226403386985,2.80116356320628
AAPL,254.2100067138672,252.21,5,garch,0.015775599209816037,0.11199564426176993,0.0368,2.871684187426634,0.6897989138231345
AAPL,254.2100067138672,253.21,5,garch,0.015775599209816037,0.11199564426176993,0.0368,2.290677245674394,1.121316141453731
AAPL,254.2100067138672,254.21,5,garch,0.015775599209816037,0.11199564426176993,0.0368,1.7749577152600895,1.604927781252476
AAPL,254.2100067138672,255.21,5,garch,0.015775599209816037,0.11199564426176993,0.0368,1.2592381848457843,2.088539421051222
AAPL,254.2100067138672,256.21,5,garch,0.015775599209816037,0.11199564426176993,0.0368,0.8070666193463185,2.672522485226194
AAPL,254.2100067138672,252.21,1,historical,0.01724767841359103,0.2737984066534734,0.0368,3.210312512021718,1.1734778205802638
AAPL,254.2100067138672,253.21,1,historical,0.01724767841359103,0.2737984066534734,0.0368,2.710463850639308,1.6734831381139381
AAPL,254.2100067138672,254.21,1,historical,0.01724767841359103,0.2737984066534734,0.0368,2.210615189256898,2.173488455647613
AAPL,254.2100067138672,255.21,1,historical,0.01724767841359103,0.2737984066534734,0.0368,1.7107665278744875,2.673493773181287
AAPL,254.2100067138672,256.21,1,historical,0.01724767841359103,0.2737984066534734,0.0368,1.2109178664920917,3.173499090714947
AAPL,254.2100067138672,252.21,2,historical,0.0243919007319501,0.2737984066534734,0.0368,3.728576582596836,1.6549192912423085
AAPL,254.2100067138672,253.21,2,historical,0.0243919007319501,0.2737984066534734,0.0368,2.9788739210044612,1.904924608804259
AAPL,254.2100067138672,254.21,2,historical,0.0243919007319501,0.2737984066534734,0.0368,2.229171259412085,2.173488455647613
AAPL,254.2100067138672,255.21,2,historical,0.0243919007319501,0.2737984066534734,0.0368,1.9793192191730706,2.9234190838579677
AAPL,254.2100067138672,256.21,2,historical,0.0243919007319501,0.2737984066534734,0.0368,1.7294705348872905,3.673351390044915
AAPL,254.2100067138672,252.21,3,historical,0.02987385532494863,0.2737984066534734,0.0368,4.342754171303412,2.24148684714042
AAPL,254.2100067138672,253.21,3,historical,0.02987385532494863,0.2737984066534734,0.0368,3.843090628749948,2.7414218113460214
AAPL,254.2100067138672,254.21,3,historical,0.02987385532494863,0.2737984066534734,0.0368,3.3434270861964825,3.241356775551623
AAPL,254.2100067138672,255.21,3,historical,0.02987385532494863,0.2737984066534734,0.0368,2.8437635436430178,3.7412917397572243
AAPL,254.2100067138672,256.21,3,historical,0.02987385532494863,0.2737984066534734,0.0368,2.3441000010895667,4.241226703962812
AAPL,254.2100067138672,252.21,4,historical,0.03449535682718206,0.2737984066534734,0.0368,4.735938025101997,2.593255307837931
AAPL,254.2100067138672,253.21,4,historical,0.03449535682718206,0.2737984066534734,0.0368,4.048956944988697,2.905708524527307
AAPL,254.2100067138672,254.21,4,historical,0.03449535682718206,0.2737984066534734,0.0368,3.3619758648753963,3.241356775551623
AAPL,254.2100067138672,255.21,4,historical,0.03449535682718206,0.2737984066534734,0.0368,3.049773266476089,3.92868098061422
AAPL,254.2100067138672,256.21,4,historical,0.03449535682718206,0.2737984066534734,0.0368,2.7375731843066213,4.616006443791713
AAPL,254.2100067138672,252.21,5,historical,0.038566981386845264,0.2737984066534734,0.0368,5.201035337576358,3.033052496499944
AAPL,254.2100067138672,253.21,5,historical,0.038566981386845264,0.2737984066534734,0.0368,4.701547063067496,3.532898205071809
AAPL,254.2100067138672,254.21,5,historical,0.038566981386845264,0.2737984066534734,0.0368,4.202058788558631,4.032743913643675
AAPL,254.2100067138672,255.21,5,historical,0.038566981386845264,0.2737984066534734,0.0368,3.7025705140497682,4.532589622215539
AAPL,254.2100067138672,256.21,5,historical,0.038566981386845264,0.2737984066534734,0.0368,3.2030822395409184,5.032435330787391
